Dataset,Example_Set,Annotator,Metric,Score
Robeczech results by annotators,121-examples,Annotator 1,Precision,65.36
Robeczech results by annotators,121-examples,Annotator 1,Recall,56.12
Robeczech results by annotators,121-examples,Annotator 1,F1,60.39
Robeczech results by annotators,121-examples,Annotator 2,Precision,61.45
Robeczech results by annotators,121-examples,Annotator 2,Recall,53.53
Robeczech results by annotators,121-examples,Annotator 2,F1,57.22
Robeczech results by annotators,121-examples,Annotator 3,Precision,68.16
Robeczech results by annotators,121-examples,Annotator 3,Recall,59.51
Robeczech results by annotators,121-examples,Annotator 3,F1,63.54
